question_id,course,chapter,chapter_idx,question_text,opt_A,opt_B,opt_C,opt_D,correct_option,answer_text,difficulty,tags,rwanda_focus,explanation
COP-01-01-0001,Copyright & IP,Copyright Basics,1,Which of the following is protected by copyright? (Question 1),Sponsorships,Artist's hairstyle,Lyrics and melody (original expression),Genre label,C,Lyrics and melody (original expression),easy,"copyright,copyright",False,Lyrics and melody (original expression) — Explanation: Lyrics and melody (original expression).
COP-01-02-0002,Copyright & IP,Copyright Basics,1,Which of the following is protected by copyright? (Question 2),Royalty split,ISWC,Genre label,The performer’s fixation in a tangible medium (recording),D,The performer’s fixation in a tangible medium (recording),easy,"copyright,copyright",False,The performer’s fixation in a tangible medium (recording) — Explanation: The performer’s fixation in a tangible medium (recording).
COP-01-03-0003,Copyright & IP,Copyright Basics,1,Which of the following is protected by copyright? (Question 3),Sample rate,Copyright lasts for the life of the author plus a set term (varies by law),Producer's personal bank account,Artist's hairstyle,B,Copyright lasts for the life of the author plus a set term (varies by law),hard,"copyright,copyright",False,Copyright lasts for the life of the author plus a set term (varies by law) — Explanation: Copyright lasts for the life of the author plus a set term (varies by law).
COP-01-04-0004,Copyright & IP,Copyright Basics,1,Which of the following is protected by copyright? (Question 4),Flat fee only,Sample rate,Copyright protects expression not ideas,Sponsorships,C,Copyright protects expression not ideas,hard,"copyright,copyright",False,Copyright protects expression not ideas — Explanation: Copyright protects expression not ideas.
COP-01-05-0005,Copyright & IP,Copyright Basics,1,Which of the following is protected by copyright? (Question 5),Moral rights include attribution and integrity in many jurisdictions,Artist's hairstyle,Public domain status,Bank's interest rate,A,Moral rights include attribution and integrity in many jurisdictions,medium,"copyright,copyright",False,Moral rights include attribution and integrity in many jurisdictions — Explanation: Moral rights include attribution and integrity in many jurisdictions.
COP-01-06-0006,Copyright & IP,Copyright Basics,1,Which of the following is protected by copyright? (Question 6),Bank's interest rate,Sample rate,Works published after creation are still protected automatically,Audio bitrate,C,Works published after creation are still protected automatically,medium,"copyright,copyright",False,Works published after creation are still protected automatically — Explanation: Works published after creation are still protected automatically.
COP-01-07-0007,Copyright & IP,Copyright Basics,1,Which of the following is protected by copyright? (Question 7),Merch revenue,Genre label,Derivative works (arrangements) require permission unless fair use applies,Production credits only,C,Derivative works (arrangements) require permission unless fair use applies,hard,"copyright,copyright",False,Derivative works (arrangements) require permission unless fair use applies — Explanation: Derivative works (arrangements) require permission unless fair use applies.
COP-01-08-0008,Copyright & IP,Copyright Basics,1,Which of the following is protected by copyright? (Question 8),Public performance rights are distinct from mechanical rights,Genre label,Producer's personal bank account,Territory clause,A,Public performance rights are distinct from mechanical rights,hard,"copyright,copyright",False,Public performance rights are distinct from mechanical rights — Explanation: Public performance rights are distinct from mechanical rights.
COP-01-09-0009,Copyright & IP,Copyright Basics,1,Which of the following is protected by copyright? (Question 9),Sample rate,Producer's personal bank account,Flat fee only,Collective management organisations can help license public uses,D,Collective management organisations can help license public uses,medium,"copyright,copyright",False,Collective management organisations can help license public uses — Explanation: Collective management organisations can help license public uses.
COP-01-10-0010,Copyright & IP,Copyright Basics,1,Which of the following is protected by copyright? (Question 10),Registration can simplify enforcement although copyright often exists automatically,Social media username,Producer's personal bank account,Genre label,A,Registration can simplify enforcement although copyright often exists automatically,hard,"copyright,copyright",False,Registration can simplify enforcement although copyright often exists automatically — Explanation: Registration can simplify enforcement although copyright often exists automatically.
COP-02-01-0011,Copyright & IP,Registering & Rights in Rwanda,2,What should an author in Rwanda do to enable collective royalty collection? (Question 1),Album art size,Register with the national society such as Rwanda Society of Authors (RSAU) for collective management,Collecting society name,Production credits only,B,Register with the national society such as Rwanda Society of Authors (RSAU) for collective management,hard,"copyright,registering",True,Register with the national society such as Rwanda Society of Authors (RSAU) for collective management — Explanation: Register with the national society such as Rwanda Society of Authors (RSAU) for collective management.
COP-02-02-0012,Copyright & IP,Registering & Rights in Rwanda,2,What should an author in Rwanda do to enable collective royalty collection? (Question 2),Bank's interest rate,Royalty split,Flat fee only,Keep original dated copies and registration receipts as proof of ownership,D,Keep original dated copies and registration receipts as proof of ownership,hard,"copyright,registering",True,Keep original dated copies and registration receipts as proof of ownership — Explanation: Keep original dated copies and registration receipts as proof of ownership.
COP-02-03-0013,Copyright & IP,Registering & Rights in Rwanda,2,What should an author in Rwanda do to enable collective royalty collection? (Question 3),Rwanda has updated IP laws and guidelines for registration,Social media username,ISWC,Album art size,A,Rwanda has updated IP laws and guidelines for registration,hard,"copyright,registering",True,Rwanda has updated IP laws and guidelines for registration — Explanation: Rwanda has updated IP laws and guidelines for registration.
COP-02-04-0014,Copyright & IP,Registering & Rights in Rwanda,2,What should an author in Rwanda do to enable collective royalty collection? (Question 4),Flat fee only,Social media username,Rwanda Development Board provides IP guidelines and registration support,Streaming count,C,Rwanda Development Board provides IP guidelines and registration support,easy,"copyright,registering",True,Rwanda Development Board provides IP guidelines and registration support — Explanation: Rwanda Development Board provides IP guidelines and registration support.
COP-02-05-0015,Copyright & IP,Registering & Rights in Rwanda,2,What should an author in Rwanda do to enable collective royalty collection? (Question 5),Public domain status,Territory clause,Collective management societies in Rwanda handle public performance royalties,Broadcast license,C,Collective management societies in Rwanda handle public performance royalties,hard,"copyright,registering",True,Collective management societies in Rwanda handle public performance royalties — Explanation: Collective management societies in Rwanda handle public performance royalties.
COP-02-06-0016,Copyright & IP,Registering & Rights in Rwanda,2,What should an author in Rwanda do to enable collective royalty collection? (Question 6),Local registration helps with domestic enforcement and claims,Broadcast license,Flat fee only,Sample rate,A,Local registration helps with domestic enforcement and claims,easy,"copyright,registering",True,Local registration helps with domestic enforcement and claims — Explanation: Local registration helps with domestic enforcement and claims.
COP-02-07-0017,Copyright & IP,Registering & Rights in Rwanda,2,What should an author in Rwanda do to enable collective royalty collection? (Question 7),Authors may affiliate with RSAU for international reciprocal collection,Bank's interest rate,Social media username,Audio bitrate,A,Authors may affiliate with RSAU for international reciprocal collection,hard,"copyright,registering",True,Authors may affiliate with RSAU for international reciprocal collection — Explanation: Authors may affiliate with RSAU for international reciprocal collection.
COP-02-08-0018,Copyright & IP,Registering & Rights in Rwanda,2,What should an author in Rwanda do to enable collective royalty collection? (Question 8),Documentation of contribution (co-writer splits) helps claims,Social media username,Production credits only,Territory clause,A,Documentation of contribution (co-writer splits) helps claims,easy,"copyright,registering",True,Documentation of contribution (co-writer splits) helps claims — Explanation: Documentation of contribution (co-writer splits) helps claims.
COP-02-09-0019,Copyright & IP,Registering & Rights in Rwanda,2,What should an author in Rwanda do to enable collective royalty collection? (Question 9),Genre label,Registering a composition and recording are separate processes,Live performance etiquette,Mechanical rights body,B,Registering a composition and recording are separate processes,hard,"copyright,registering",True,Registering a composition and recording are separate processes — Explanation: Registering a composition and recording are separate processes.
COP-02-10-0020,Copyright & IP,Registering & Rights in Rwanda,2,What should an author in Rwanda do to enable collective royalty collection? (Question 10),Moral rights may still apply even if economic rights are assigned,Merch revenue,Non-disclosure,Producer's personal bank account,A,Moral rights may still apply even if economic rights are assigned,hard,"copyright,registering",True,Moral rights may still apply even if economic rights are assigned — Explanation: Moral rights may still apply even if economic rights are assigned.
COP-03-01-0021,Copyright & IP,Licensing & Royalties,3,Which license is commonly required to place a song in an advertisement? (Question 1),Artist's hairstyle,Bank's interest rate,Streaming count,A synchronization license is used to place a song in a film or TV ad,D,A synchronization license is used to place a song in a film or TV ad,hard,"copyright,licensing",False,A synchronization license is used to place a song in a film or TV ad — Explanation: A synchronization license is used to place a song in a film or TV ad.
COP-03-02-0022,Copyright & IP,Licensing & Royalties,3,Which license is commonly required to place a song in an advertisement? (Question 2),Genre label,Broadcast license,Publishing rights cover the composition; master rights cover the recording,Tax ID,C,Publishing rights cover the composition; master rights cover the recording,easy,"copyright,licensing",False,Publishing rights cover the composition; master rights cover the recording — Explanation: Publishing rights cover the composition; master rights cover the recording.
COP-03-03-0023,Copyright & IP,Licensing & Royalties,3,Which license is commonly required to place a song in an advertisement? (Question 3),Sync fee,Mechanical licenses are needed for reproductions (physical or digital),Bank's interest rate,ISWC,B,Mechanical licenses are needed for reproductions (physical or digital),hard,"copyright,licensing",False,Mechanical licenses are needed for reproductions (physical or digital) — Explanation: Mechanical licenses are needed for reproductions (physical or digital).
COP-03-04-0024,Copyright & IP,Licensing & Royalties,3,Which license is commonly required to place a song in an advertisement? (Question 4),Collecting society name,Sponsorships,Performance rights organizations collect for public performances and broadcasts,Tax ID,C,Performance rights organizations collect for public performances and broadcasts,easy,"copyright,licensing",False,Performance rights organizations collect for public performances and broadcasts — Explanation: Performance rights organizations collect for public performances and broadcasts.
COP-03-05-0025,Copyright & IP,Licensing & Royalties,3,Which license is commonly required to place a song in an advertisement? (Question 5),Sync fee,Streaming count,Mechanical rights body,"A license defines territory, duration and permitted uses",D,"A license defines territory, duration and permitted uses",medium,"copyright,licensing",False,"A license defines territory, duration and permitted uses — Explanation: A license defines territory, duration and permitted uses."
COP-03-06-0026,Copyright & IP,Licensing & Royalties,3,Which license is commonly required to place a song in an advertisement? (Question 6),Artist's hairstyle,Production credits only,Royalty splits should be stated clearly in agreements,Genre label,C,Royalty splits should be stated clearly in agreements,easy,"copyright,licensing",False,Royalty splits should be stated clearly in agreements — Explanation: Royalty splits should be stated clearly in agreements.
COP-03-07-0027,Copyright & IP,Licensing & Royalties,3,Which license is commonly required to place a song in an advertisement? (Question 7),Ticket sales,Producer's personal bank account,Collecting societies distribute royalties based on usage reports,ISWC,C,Collecting societies distribute royalties based on usage reports,easy,"copyright,licensing",False,Collecting societies distribute royalties based on usage reports — Explanation: Collecting societies distribute royalties based on usage reports.
COP-03-08-0028,Copyright & IP,Licensing & Royalties,3,Which license is commonly required to place a song in an advertisement? (Question 8),Sync deals typically include a fee and possibly a share of revenue,Exclusive territory,Streaming count,Royalty split,A,Sync deals typically include a fee and possibly a share of revenue,easy,"copyright,licensing",False,Sync deals typically include a fee and possibly a share of revenue — Explanation: Sync deals typically include a fee and possibly a share of revenue.
COP-03-09-0029,Copyright & IP,Licensing & Royalties,3,Which license is commonly required to place a song in an advertisement? (Question 9),Licensing for samples requires permission from rights holders,ISWC,Mechanical rights body,Streaming count,A,Licensing for samples requires permission from rights holders,medium,"copyright,licensing",False,Licensing for samples requires permission from rights holders — Explanation: Licensing for samples requires permission from rights holders.
COP-03-10-0030,Copyright & IP,Licensing & Royalties,3,Which license is commonly required to place a song in an advertisement? (Question 10),Royalty accounting includes deductions and admin fees in many deals,Royalty split,Sponsorships,Production credits only,A,Royalty accounting includes deductions and admin fees in many deals,easy,"copyright,licensing",False,Royalty accounting includes deductions and admin fees in many deals — Explanation: Royalty accounting includes deductions and admin fees in many deals.
MUS-01-01-0031,Music Finance & Monetization,Revenue Streams,1,Which of these is a direct revenue stream for a performing artist? (Question 1),Social media username,Broadcast license,Producer's personal bank account,Live shows and ticket sales are direct income for performers,D,Live shows and ticket sales are direct income for performers,hard,"music,revenue",False,Live shows and ticket sales are direct income for performers — Explanation: Live shows and ticket sales are direct income for performers.
MUS-01-02-0032,Music Finance & Monetization,Revenue Streams,1,Which of these is a direct revenue stream for a performing artist? (Question 2),Social media username,Artist's hairstyle,Producer's personal bank account,Streaming payments come from DSPs and are often split via rights holders,D,Streaming payments come from DSPs and are often split via rights holders,easy,"music,revenue",False,Streaming payments come from DSPs and are often split via rights holders — Explanation: Streaming payments come from DSPs and are often split via rights holders.
MUS-01-03-0033,Music Finance & Monetization,Revenue Streams,1,Which of these is a direct revenue stream for a performing artist? (Question 3),Merchandise sales are a valuable revenue stream for artists,Producer's personal bank account,Sync fee,Broadcast license,A,Merchandise sales are a valuable revenue stream for artists,easy,"music,revenue",False,Merchandise sales are a valuable revenue stream for artists — Explanation: Merchandise sales are a valuable revenue stream for artists.
MUS-01-04-0034,Music Finance & Monetization,Revenue Streams,1,Which of these is a direct revenue stream for a performing artist? (Question 4),Audio bitrate,Streaming count,Sync licensing can produce significant one-off payments,ISWC,C,Sync licensing can produce significant one-off payments,medium,"music,revenue",False,Sync licensing can produce significant one-off payments — Explanation: Sync licensing can produce significant one-off payments.
MUS-01-05-0035,Music Finance & Monetization,Revenue Streams,1,Which of these is a direct revenue stream for a performing artist? (Question 5),Crowdfunding and direct fan support (Patreon) are alternative incomes,Genre label,Sample rate,Royalty split,A,Crowdfunding and direct fan support (Patreon) are alternative incomes,medium,"music,revenue",False,Crowdfunding and direct fan support (Patreon) are alternative incomes — Explanation: Crowdfunding and direct fan support (Patreon) are alternative incomes.
MUS-01-06-0036,Music Finance & Monetization,Revenue Streams,1,Which of these is a direct revenue stream for a performing artist? (Question 6),ISWC,Force majeure,Live performance etiquette,Brand sponsorships and endorsements can supplement revenue,D,Brand sponsorships and endorsements can supplement revenue,hard,"music,revenue",False,Brand sponsorships and endorsements can supplement revenue — Explanation: Brand sponsorships and endorsements can supplement revenue.
MUS-01-07-0037,Music Finance & Monetization,Revenue Streams,1,Which of these is a direct revenue stream for a performing artist? (Question 7),Genre label,Public domain status,Publishing income comes from compositions used publicly,Broadcast license,C,Publishing income comes from compositions used publicly,hard,"music,revenue",False,Publishing income comes from compositions used publicly — Explanation: Publishing income comes from compositions used publicly.
MUS-01-08-0038,Music Finance & Monetization,Revenue Streams,1,Which of these is a direct revenue stream for a performing artist? (Question 8),Neighboring rights may generate income for performers/labels,Audio bitrate,Non-disclosure,Force majeure,A,Neighboring rights may generate income for performers/labels,easy,"music,revenue",False,Neighboring rights may generate income for performers/labels — Explanation: Neighboring rights may generate income for performers/labels.
MUS-01-09-0039,Music Finance & Monetization,Revenue Streams,1,Which of these is a direct revenue stream for a performing artist? (Question 9),Producer's personal bank account,Force majeure,Public domain status,Teaching and workshops are local revenue opportunities,D,Teaching and workshops are local revenue opportunities,easy,"music,revenue",False,Teaching and workshops are local revenue opportunities — Explanation: Teaching and workshops are local revenue opportunities.
MUS-01-10-0040,Music Finance & Monetization,Revenue Streams,1,Which of these is a direct revenue stream for a performing artist? (Question 10),Physical sales (CDs/vinyl) remain niche but possible revenue,Social media username,Mechanical rights body,Album art size,A,Physical sales (CDs/vinyl) remain niche but possible revenue,easy,"music,revenue",False,Physical sales (CDs/vinyl) remain niche but possible revenue — Explanation: Physical sales (CDs/vinyl) remain niche but possible revenue.
MUS-02-01-0041,Music Finance & Monetization,Royalties & Collections,2,Which organisation typically collects public performance royalties in Rwanda? (Question 1),Live performance etiquette,Territory clause,Rwanda Society of Authors (RSAU) is a collective management society handling rights,Album art size,C,Rwanda Society of Authors (RSAU) is a collective management society handling rights,medium,"music,royalties",True,Rwanda Society of Authors (RSAU) is a collective management society handling rights — Explanation: Rwanda Society of Authors (RSAU) is a collective management society handling rights.
MUS-02-02-0042,Music Finance & Monetization,Royalties & Collections,2,Which organisation typically collects public performance royalties in Rwanda? (Question 2),CISAC supports and connects collecting societies across Africa,Public domain status,Force majeure,Tax ID,A,CISAC supports and connects collecting societies across Africa,easy,"music,royalties",True,CISAC supports and connects collecting societies across Africa — Explanation: CISAC supports and connects collecting societies across Africa.
MUS-02-03-0043,Music Finance & Monetization,Royalties & Collections,2,Which organisation typically collects public performance royalties in Rwanda? (Question 3),Live performance etiquette,Sample rate,Tax ID,Performance royalties are paid based on broadcast and public performance,D,Performance royalties are paid based on broadcast and public performance,easy,"music,royalties",True,Performance royalties are paid based on broadcast and public performance — Explanation: Performance royalties are paid based on broadcast and public performance.
MUS-02-04-0044,Music Finance & Monetization,Royalties & Collections,2,Which organisation typically collects public performance royalties in Rwanda? (Question 4),Exclusive territory,Ticket sales,Mechanical royalties are tracked and distributed for reproductions,Live performance etiquette,C,Mechanical royalties are tracked and distributed for reproductions,easy,"music,royalties",True,Mechanical royalties are tracked and distributed for reproductions — Explanation: Mechanical royalties are tracked and distributed for reproductions.
MUS-02-05-0045,Music Finance & Monetization,Royalties & Collections,2,Which organisation typically collects public performance royalties in Rwanda? (Question 5),Merch revenue,Digital distributors provide usage reports for streaming royalties,Royalty split,Producer's personal bank account,B,Digital distributors provide usage reports for streaming royalties,hard,"music,royalties",True,Digital distributors provide usage reports for streaming royalties — Explanation: Digital distributors provide usage reports for streaming royalties.
MUS-02-06-0046,Music Finance & Monetization,Royalties & Collections,2,Which organisation typically collects public performance royalties in Rwanda? (Question 6),Social media username,Merch revenue,Ticket sales,ISRC and accurate metadata improve royalty attribution,D,ISRC and accurate metadata improve royalty attribution,medium,"music,royalties",True,ISRC and accurate metadata improve royalty attribution — Explanation: ISRC and accurate metadata improve royalty attribution.
MUS-02-07-0047,Music Finance & Monetization,Royalties & Collections,2,Which organisation typically collects public performance royalties in Rwanda? (Question 7),Sync fee,International collections rely on reciprocal agreements between societies,Royalty split,Ticket sales,B,International collections rely on reciprocal agreements between societies,hard,"music,royalties",True,International collections rely on reciprocal agreements between societies — Explanation: International collections rely on reciprocal agreements between societies.
MUS-02-08-0048,Music Finance & Monetization,Royalties & Collections,2,Which organisation typically collects public performance royalties in Rwanda? (Question 8),Social media username,"Royalty rates vary by territory, use case and agreement",Flat fee only,Broadcast license,B,"Royalty rates vary by territory, use case and agreement",hard,"music,royalties",True,"Royalty rates vary by territory, use case and agreement — Explanation: Royalty rates vary by territory, use case and agreement."
MUS-02-09-0049,Music Finance & Monetization,Royalties & Collections,2,Which organisation typically collects public performance royalties in Rwanda? (Question 9),Sponsorships,Force majeure,Artists should register works and recordings to be eligible for collection,Tax ID,C,Artists should register works and recordings to be eligible for collection,medium,"music,royalties",True,Artists should register works and recordings to be eligible for collection — Explanation: Artists should register works and recordings to be eligible for collection.
MUS-02-10-0050,Music Finance & Monetization,Royalties & Collections,2,Which organisation typically collects public performance royalties in Rwanda? (Question 10),Merch revenue,Genre label,Ticket sales,Timely metadata submission reduces missed payments,D,Timely metadata submission reduces missed payments,hard,"music,royalties",True,Timely metadata submission reduces missed payments — Explanation: Timely metadata submission reduces missed payments.
MUS-03-01-0051,Music Finance & Monetization,Budgeting & Taxes,3,"When budgeting for an album project in Rwanda, which cost is essential to include? (Question 1)",Audio bitrate,Bank's interest rate,Production credits only,"Include studio time, mixing and mastering in an album budget",D,"Include studio time, mixing and mastering in an album budget",medium,"music,budgeting",True,"Include studio time, mixing and mastering in an album budget — Explanation: Include studio time, mixing and mastering in an album budget."
MUS-03-02-0052,Music Finance & Monetization,Budgeting & Taxes,3,"When budgeting for an album project in Rwanda, which cost is essential to include? (Question 2)",Album art size,Allocate funds for marketing and promotion in the budget,Collecting society name,Force majeure,B,Allocate funds for marketing and promotion in the budget,hard,"music,budgeting",True,Allocate funds for marketing and promotion in the budget — Explanation: Allocate funds for marketing and promotion in the budget.
MUS-03-03-0053,Music Finance & Monetization,Budgeting & Taxes,3,"When budgeting for an album project in Rwanda, which cost is essential to include? (Question 3)",Streaming count,Collecting society name,Tax ID,Track and reserve funds for taxes and social contributions in Rwanda,D,Track and reserve funds for taxes and social contributions in Rwanda,easy,"music,budgeting",True,Track and reserve funds for taxes and social contributions in Rwanda — Explanation: Track and reserve funds for taxes and social contributions in Rwanda.
MUS-03-04-0054,Music Finance & Monetization,Budgeting & Taxes,3,"When budgeting for an album project in Rwanda, which cost is essential to include? (Question 4)",Keep receipts and proper invoicing for deductible expenses,ISWC,Streaming count,Genre label,A,Keep receipts and proper invoicing for deductible expenses,hard,"music,budgeting",True,Keep receipts and proper invoicing for deductible expenses — Explanation: Keep receipts and proper invoicing for deductible expenses.
MUS-03-05-0055,Music Finance & Monetization,Budgeting & Taxes,3,"When budgeting for an album project in Rwanda, which cost is essential to include? (Question 5)",Set aside contingency funds (10-20%) for overruns,Broadcast license,Flat fee only,Sample rate,A,Set aside contingency funds (10-20%) for overruns,hard,"music,budgeting",True,Set aside contingency funds (10-20%) for overruns — Explanation: Set aside contingency funds (10-20%) for overruns.
MUS-03-06-0056,Music Finance & Monetization,Budgeting & Taxes,3,"When budgeting for an album project in Rwanda, which cost is essential to include? (Question 6)",Live performance etiquette,Exclusive territory,Bank's interest rate,Separate personal and business accounts for clarity and taxes,D,Separate personal and business accounts for clarity and taxes,medium,"music,budgeting",True,Separate personal and business accounts for clarity and taxes — Explanation: Separate personal and business accounts for clarity and taxes.
MUS-03-07-0057,Music Finance & Monetization,Budgeting & Taxes,3,"When budgeting for an album project in Rwanda, which cost is essential to include? (Question 7)",Grants and public funding may require reporting and audits,Broadcast license,Artist's hairstyle,Live performance etiquette,A,Grants and public funding may require reporting and audits,easy,"music,budgeting",True,Grants and public funding may require reporting and audits — Explanation: Grants and public funding may require reporting and audits.
MUS-03-08-0058,Music Finance & Monetization,Budgeting & Taxes,3,"When budgeting for an album project in Rwanda, which cost is essential to include? (Question 8)",ISWC,Understand VAT and income tax obligations for paid performances,Force majeure,Streaming count,B,Understand VAT and income tax obligations for paid performances,easy,"music,budgeting",True,Understand VAT and income tax obligations for paid performances — Explanation: Understand VAT and income tax obligations for paid performances.
MUS-03-09-0059,Music Finance & Monetization,Budgeting & Taxes,3,"When budgeting for an album project in Rwanda, which cost is essential to include? (Question 9)",Flat fee only,Audio bitrate,Producer's personal bank account,Negotiate payment schedules to manage cashflow for projects,D,Negotiate payment schedules to manage cashflow for projects,medium,"music,budgeting",True,Negotiate payment schedules to manage cashflow for projects — Explanation: Negotiate payment schedules to manage cashflow for projects.
MUS-03-10-0060,Music Finance & Monetization,Budgeting & Taxes,3,"When budgeting for an album project in Rwanda, which cost is essential to include? (Question 10)",Tax ID,Audio bitrate,Use simple accounting tools or hire an accountant when possible,Live performance etiquette,C,Use simple accounting tools or hire an accountant when possible,easy,"music,budgeting",True,Use simple accounting tools or hire an accountant when possible — Explanation: Use simple accounting tools or hire an accountant when possible.
CON-01-01-0061,Contracts & Negotiation,Types of Contracts,1,Which contract typically governs the relationship between artist and manager? (Question 1),A recording contract defines producer/label obligations and rights,Royalty split,Genre label,Social media username,A,A recording contract defines producer/label obligations and rights,hard,"contracts,types",False,A recording contract defines producer/label obligations and rights — Explanation: A recording contract defines producer/label obligations and rights.
CON-01-02-0062,Contracts & Negotiation,Types of Contracts,1,Which contract typically governs the relationship between artist and manager? (Question 2),Audio bitrate,Social media username,A management agreement defines commission and duration with manager,ISWC,C,A management agreement defines commission and duration with manager,easy,"contracts,types",False,A management agreement defines commission and duration with manager — Explanation: A management agreement defines commission and duration with manager.
CON-01-03-0063,Contracts & Negotiation,Types of Contracts,1,Which contract typically governs the relationship between artist and manager? (Question 3),Album art size,A publishing agreement assigns publishing rights for administration,ISWC,Broadcast license,B,A publishing agreement assigns publishing rights for administration,medium,"contracts,types",False,A publishing agreement assigns publishing rights for administration — Explanation: A publishing agreement assigns publishing rights for administration.
CON-01-04-0064,Contracts & Negotiation,Types of Contracts,1,Which contract typically governs the relationship between artist and manager? (Question 4),Public domain status,Flat fee only,Album art size,A licensing agreement grants limited rights for a specified use,D,A licensing agreement grants limited rights for a specified use,medium,"contracts,types",False,A licensing agreement grants limited rights for a specified use — Explanation: A licensing agreement grants limited rights for a specified use.
CON-01-05-0065,Contracts & Negotiation,Types of Contracts,1,Which contract typically governs the relationship between artist and manager? (Question 5),A distribution agreement handles getting recordings to stores and DSPs,Sample rate,Social media username,Collecting society name,A,A distribution agreement handles getting recordings to stores and DSPs,easy,"contracts,types",False,A distribution agreement handles getting recordings to stores and DSPs — Explanation: A distribution agreement handles getting recordings to stores and DSPs.
CON-01-06-0066,Contracts & Negotiation,Types of Contracts,1,Which contract typically governs the relationship between artist and manager? (Question 6),A work-for-hire contract may transfer all rights to employer,Artist's hairstyle,Royalty split,Social media username,A,A work-for-hire contract may transfer all rights to employer,medium,"contracts,types",False,A work-for-hire contract may transfer all rights to employer — Explanation: A work-for-hire contract may transfer all rights to employer.
CON-01-07-0067,Contracts & Negotiation,Types of Contracts,1,Which contract typically governs the relationship between artist and manager? (Question 7),"A live performance contract sets fee, rider and cancellation terms",Producer's personal bank account,Bank's interest rate,Mechanical rights body,A,"A live performance contract sets fee, rider and cancellation terms",hard,"contracts,types",False,"A live performance contract sets fee, rider and cancellation terms — Explanation: A live performance contract sets fee, rider and cancellation terms."
CON-01-08-0068,Contracts & Negotiation,Types of Contracts,1,Which contract typically governs the relationship between artist and manager? (Question 8),Streaming count,Collecting society name,Broadcast license,A collaboration agreement clarifies splits and credits between artists,D,A collaboration agreement clarifies splits and credits between artists,easy,"contracts,types",False,A collaboration agreement clarifies splits and credits between artists — Explanation: A collaboration agreement clarifies splits and credits between artists.
CON-01-09-0069,Contracts & Negotiation,Types of Contracts,1,Which contract typically governs the relationship between artist and manager? (Question 9),Live performance etiquette,Ticket sales,Bank's interest rate,An endorsement agreement sets terms for brand partnerships,D,An endorsement agreement sets terms for brand partnerships,medium,"contracts,types",False,An endorsement agreement sets terms for brand partnerships — Explanation: An endorsement agreement sets terms for brand partnerships.
CON-01-10-0070,Contracts & Negotiation,Types of Contracts,1,Which contract typically governs the relationship between artist and manager? (Question 10),ISWC,A producer agreement details payments and points for producers,Public domain status,Broadcast license,B,A producer agreement details payments and points for producers,medium,"contracts,types",False,A producer agreement details payments and points for producers — Explanation: A producer agreement details payments and points for producers.
CON-02-01-0071,Contracts & Negotiation,Key Clauses & Red Flags,2,Which clause can transfer ownership of rights to another party? (Question 1),Bank's interest rate,Ticket sales,Sample rate,Assignment clause transfers ownership if not negotiated carefully,D,Assignment clause transfers ownership if not negotiated carefully,easy,"contracts,key",False,Assignment clause transfers ownership if not negotiated carefully — Explanation: Assignment clause transfers ownership if not negotiated carefully.
CON-02-02-0072,Contracts & Negotiation,Key Clauses & Red Flags,2,Which clause can transfer ownership of rights to another party? (Question 2),Exclusivity clauses can limit an artist's ability to work elsewhere,Public domain status,Streaming count,Sync fee,A,Exclusivity clauses can limit an artist's ability to work elsewhere,easy,"contracts,key",False,Exclusivity clauses can limit an artist's ability to work elsewhere — Explanation: Exclusivity clauses can limit an artist's ability to work elsewhere.
CON-02-03-0073,Contracts & Negotiation,Key Clauses & Red Flags,2,Which clause can transfer ownership of rights to another party? (Question 3),Royalty split,Territory clauses limit where rights are granted,Merch revenue,Broadcast license,B,Territory clauses limit where rights are granted,hard,"contracts,key",False,Territory clauses limit where rights are granted — Explanation: Territory clauses limit where rights are granted.
CON-02-04-0074,Contracts & Negotiation,Key Clauses & Red Flags,2,Which clause can transfer ownership of rights to another party? (Question 4),Termination clauses define how parties exit agreements,Sync fee,Tax ID,Royalty split,A,Termination clauses define how parties exit agreements,hard,"contracts,key",False,Termination clauses define how parties exit agreements — Explanation: Termination clauses define how parties exit agreements.
CON-02-05-0075,Contracts & Negotiation,Key Clauses & Red Flags,2,Which clause can transfer ownership of rights to another party? (Question 5),Payment schedule and accounting transparency are essential,Streaming count,Audio bitrate,Tax ID,A,Payment schedule and accounting transparency are essential,hard,"contracts,key",False,Payment schedule and accounting transparency are essential — Explanation: Payment schedule and accounting transparency are essential.
CON-02-06-0076,Contracts & Negotiation,Key Clauses & Red Flags,2,Which clause can transfer ownership of rights to another party? (Question 6),Merch revenue,Ambiguous royalty definitions are a common red flag,ISWC,Album art size,B,Ambiguous royalty definitions are a common red flag,medium,"contracts,key",False,Ambiguous royalty definitions are a common red flag — Explanation: Ambiguous royalty definitions are a common red flag.
CON-02-07-0077,Contracts & Negotiation,Key Clauses & Red Flags,2,Which clause can transfer ownership of rights to another party? (Question 7),Indemnity clauses can expose artists to liability,Non-disclosure,Tax ID,Sample rate,A,Indemnity clauses can expose artists to liability,medium,"contracts,key",False,Indemnity clauses can expose artists to liability — Explanation: Indemnity clauses can expose artists to liability.
CON-02-08-0078,Contracts & Negotiation,Key Clauses & Red Flags,2,Which clause can transfer ownership of rights to another party? (Question 8),Royalty split,Unbounded moral rights waivers can be risky for authors,Sample rate,Sync fee,B,Unbounded moral rights waivers can be risky for authors,hard,"contracts,key",False,Unbounded moral rights waivers can be risky for authors — Explanation: Unbounded moral rights waivers can be risky for authors.
CON-02-09-0079,Contracts & Negotiation,Key Clauses & Red Flags,2,Which clause can transfer ownership of rights to another party? (Question 9),Producer's personal bank account,Sync fee,Long automatic renewals without renegotiation are risky,Tax ID,C,Long automatic renewals without renegotiation are risky,hard,"contracts,key",False,Long automatic renewals without renegotiation are risky — Explanation: Long automatic renewals without renegotiation are risky.
CON-02-10-0080,Contracts & Negotiation,Key Clauses & Red Flags,2,Which clause can transfer ownership of rights to another party? (Question 10),Public domain status,Social media username,Lack of clear definition of deliverables is a concern,Tax ID,C,Lack of clear definition of deliverables is a concern,easy,"contracts,key",False,Lack of clear definition of deliverables is a concern — Explanation: Lack of clear definition of deliverables is a concern.
CON-03-01-0081,Contracts & Negotiation,Negotiation Tactics,3,"If offered a flat fee with no royalties, which negotiation is reasonable? (Question 1)",Merch revenue,Exclusive territory,Social media username,Ask for a limited-term license instead of permanent assignment,D,Ask for a limited-term license instead of permanent assignment,hard,"contracts,negotiation",False,Ask for a limited-term license instead of permanent assignment — Explanation: Ask for a limited-term license instead of permanent assignment.
CON-03-02-0082,Contracts & Negotiation,Negotiation Tactics,3,"If offered a flat fee with no royalties, which negotiation is reasonable? (Question 2)",Negotiate for clear royalty splits and audit rights,Sample rate,Ticket sales,Flat fee only,A,Negotiate for clear royalty splits and audit rights,easy,"contracts,negotiation",False,Negotiate for clear royalty splits and audit rights — Explanation: Negotiate for clear royalty splits and audit rights.
CON-03-03-0083,Contracts & Negotiation,Negotiation Tactics,3,"If offered a flat fee with no royalties, which negotiation is reasonable? (Question 3)",Sponsorships,Audio bitrate,Flat fee only,Request advances with recoupment terms spelled out,D,Request advances with recoupment terms spelled out,easy,"contracts,negotiation",False,Request advances with recoupment terms spelled out — Explanation: Request advances with recoupment terms spelled out.
CON-03-04-0084,Contracts & Negotiation,Negotiation Tactics,3,"If offered a flat fee with no royalties, which negotiation is reasonable? (Question 4)",Album art size,Public domain status,Use escrow to guarantee payment on milestone completion,Flat fee only,C,Use escrow to guarantee payment on milestone completion,easy,"contracts,negotiation",False,Use escrow to guarantee payment on milestone completion — Explanation: Use escrow to guarantee payment on milestone completion.
CON-03-05-0085,Contracts & Negotiation,Negotiation Tactics,3,"If offered a flat fee with no royalties, which negotiation is reasonable? (Question 5)",Seek non-exclusive deals to retain freedom where possible,Force majeure,Audio bitrate,Public domain status,A,Seek non-exclusive deals to retain freedom where possible,medium,"contracts,negotiation",False,Seek non-exclusive deals to retain freedom where possible — Explanation: Seek non-exclusive deals to retain freedom where possible.
CON-03-06-0086,Contracts & Negotiation,Negotiation Tactics,3,"If offered a flat fee with no royalties, which negotiation is reasonable? (Question 6)",Negotiate territory and duration carefully,Merch revenue,Collecting society name,ISWC,A,Negotiate territory and duration carefully,easy,"contracts,negotiation",False,Negotiate territory and duration carefully — Explanation: Negotiate territory and duration carefully.
CON-03-07-0087,Contracts & Negotiation,Negotiation Tactics,3,"If offered a flat fee with no royalties, which negotiation is reasonable? (Question 7)",Force majeure,ISWC,Ask for reversion clauses after a term if rights are assigned,Exclusive territory,C,Ask for reversion clauses after a term if rights are assigned,hard,"contracts,negotiation",False,Ask for reversion clauses after a term if rights are assigned — Explanation: Ask for reversion clauses after a term if rights are assigned.
CON-03-08-0088,Contracts & Negotiation,Negotiation Tactics,3,"If offered a flat fee with no royalties, which negotiation is reasonable? (Question 8)",Social media username,Request proper credits and publicity commitments,Exclusive territory,Sponsorships,B,Request proper credits and publicity commitments,hard,"contracts,negotiation",False,Request proper credits and publicity commitments — Explanation: Request proper credits and publicity commitments.
CON-03-09-0089,Contracts & Negotiation,Negotiation Tactics,3,"If offered a flat fee with no royalties, which negotiation is reasonable? (Question 9)",Bank's interest rate,Bring a lawyer or an experienced manager to review deals,Tax ID,Social media username,B,Bring a lawyer or an experienced manager to review deals,easy,"contracts,negotiation",False,Bring a lawyer or an experienced manager to review deals — Explanation: Bring a lawyer or an experienced manager to review deals.
CON-03-10-0090,Contracts & Negotiation,Negotiation Tactics,3,"If offered a flat fee with no royalties, which negotiation is reasonable? (Question 10)",Territory clause,Use benchmarks and performance milestones in agreements,Social media username,Audio bitrate,B,Use benchmarks and performance milestones in agreements,easy,"contracts,negotiation",False,Use benchmarks and performance milestones in agreements — Explanation: Use benchmarks and performance milestones in agreements.
DIG-01-01-0091,Digital Distribution & Marketing,Streaming & Platforms,1,What identifier helps streaming platforms match a recording to its royalties? (Question 1),Broadcast license,ISRC uniquely identifies recordings helping royalty tracking,Non-disclosure,Streaming count,B,ISRC uniquely identifies recordings helping royalty tracking,easy,"digital,streaming",False,ISRC uniquely identifies recordings helping royalty tracking — Explanation: ISRC uniquely identifies recordings helping royalty tracking.
DIG-01-02-0092,Digital Distribution & Marketing,Streaming & Platforms,1,What identifier helps streaming platforms match a recording to its royalties? (Question 2),Territory clause,Collecting society name,Non-disclosure,Aggregators distribute content to multiple DSPs for a fee,D,Aggregators distribute content to multiple DSPs for a fee,medium,"digital,streaming",False,Aggregators distribute content to multiple DSPs for a fee — Explanation: Aggregators distribute content to multiple DSPs for a fee.
DIG-01-03-0093,Digital Distribution & Marketing,Streaming & Platforms,1,What identifier helps streaming platforms match a recording to its royalties? (Question 3),Production credits only,"Platform payouts depend on region, subscription type and streams",Artist's hairstyle,Tax ID,B,"Platform payouts depend on region, subscription type and streams",medium,"digital,streaming",False,"Platform payouts depend on region, subscription type and streams — Explanation: Platform payouts depend on region, subscription type and streams."
DIG-01-04-0094,Digital Distribution & Marketing,Streaming & Platforms,1,What identifier helps streaming platforms match a recording to its royalties? (Question 4),Bank's interest rate,Social media username,Playlisting can boost discovery and streaming revenue,Non-disclosure,C,Playlisting can boost discovery and streaming revenue,medium,"digital,streaming",False,Playlisting can boost discovery and streaming revenue — Explanation: Playlisting can boost discovery and streaming revenue.
DIG-01-05-0095,Digital Distribution & Marketing,Streaming & Platforms,1,What identifier helps streaming platforms match a recording to its royalties? (Question 5),Public domain status,Streaming counts alone do not equal direct artist income,Territory clause,Royalty split,B,Streaming counts alone do not equal direct artist income,hard,"digital,streaming",False,Streaming counts alone do not equal direct artist income — Explanation: Streaming counts alone do not equal direct artist income.
DIG-01-06-0096,Digital Distribution & Marketing,Streaming & Platforms,1,What identifier helps streaming platforms match a recording to its royalties? (Question 6),Artist's hairstyle,Streaming count,Territory clause,Understanding platform terms improves monetization choices,D,Understanding platform terms improves monetization choices,easy,"digital,streaming",False,Understanding platform terms improves monetization choices — Explanation: Understanding platform terms improves monetization choices.
DIG-01-07-0097,Digital Distribution & Marketing,Streaming & Platforms,1,What identifier helps streaming platforms match a recording to its royalties? (Question 7),Uploading accurate metadata improves discoverability and payments,Live performance etiquette,Force majeure,Album art size,A,Uploading accurate metadata improves discoverability and payments,easy,"digital,streaming",False,Uploading accurate metadata improves discoverability and payments — Explanation: Uploading accurate metadata improves discoverability and payments.
DIG-01-08-0098,Digital Distribution & Marketing,Streaming & Platforms,1,What identifier helps streaming platforms match a recording to its royalties? (Question 8),Exclusive releases can be negotiated for promotional support,Broadcast license,Force majeure,Mechanical rights body,A,Exclusive releases can be negotiated for promotional support,medium,"digital,streaming",False,Exclusive releases can be negotiated for promotional support — Explanation: Exclusive releases can be negotiated for promotional support.
DIG-01-09-0099,Digital Distribution & Marketing,Streaming & Platforms,1,What identifier helps streaming platforms match a recording to its royalties? (Question 9),Collecting society name,Exclusive territory,Producer's personal bank account,DSP reporting cycles affect how and when royalties are paid,D,DSP reporting cycles affect how and when royalties are paid,medium,"digital,streaming",False,DSP reporting cycles affect how and when royalties are paid — Explanation: DSP reporting cycles affect how and when royalties are paid.
DIG-01-10-0100,Digital Distribution & Marketing,Streaming & Platforms,1,What identifier helps streaming platforms match a recording to its royalties? (Question 10),Social media username,Sponsorships,Producer's personal bank account,YouTube Content ID helps monetize video uses of audio,D,YouTube Content ID helps monetize video uses of audio,easy,"digital,streaming",False,YouTube Content ID helps monetize video uses of audio — Explanation: YouTube Content ID helps monetize video uses of audio.
DIG-02-01-0101,Digital Distribution & Marketing,Social Media & Growth,2,Which social approach can help a musician go viral locally? (Question 1),Merch revenue,Artist's hairstyle,Short-form video platforms can create viral exposure for songs,Collecting society name,C,Short-form video platforms can create viral exposure for songs,medium,"digital,social",False,Short-form video platforms can create viral exposure for songs — Explanation: Short-form video platforms can create viral exposure for songs.
DIG-02-02-0102,Digital Distribution & Marketing,Social Media & Growth,2,Which social approach can help a musician go viral locally? (Question 2),Consistent content and engagement drive follower growth,Genre label,Ticket sales,Royalty split,A,Consistent content and engagement drive follower growth,medium,"digital,social",False,Consistent content and engagement drive follower growth — Explanation: Consistent content and engagement drive follower growth.
DIG-02-03-0103,Digital Distribution & Marketing,Social Media & Growth,2,Which social approach can help a musician go viral locally? (Question 3),Merch revenue,Album art size,ISWC,Collaborations with influencers help reach new audiences,D,Collaborations with influencers help reach new audiences,easy,"digital,social",False,Collaborations with influencers help reach new audiences — Explanation: Collaborations with influencers help reach new audiences.
DIG-02-04-0104,Digital Distribution & Marketing,Social Media & Growth,2,Which social approach can help a musician go viral locally? (Question 4),Artist's hairstyle,Using platform analytics informs targeted campaign choices,Ticket sales,Tax ID,B,Using platform analytics informs targeted campaign choices,easy,"digital,social",False,Using platform analytics informs targeted campaign choices — Explanation: Using platform analytics informs targeted campaign choices.
DIG-02-05-0105,Digital Distribution & Marketing,Social Media & Growth,2,Which social approach can help a musician go viral locally? (Question 5),Flat fee only,Collecting society name,Hashtags and trends impact discoverability on social platforms,Ticket sales,C,Hashtags and trends impact discoverability on social platforms,hard,"digital,social",False,Hashtags and trends impact discoverability on social platforms — Explanation: Hashtags and trends impact discoverability on social platforms.
DIG-02-06-0106,Digital Distribution & Marketing,Social Media & Growth,2,Which social approach can help a musician go viral locally? (Question 6),Genre label,Public domain status,Merch revenue,Paid social campaigns can be cost-effective for promotion,D,Paid social campaigns can be cost-effective for promotion,hard,"digital,social",False,Paid social campaigns can be cost-effective for promotion — Explanation: Paid social campaigns can be cost-effective for promotion.
DIG-02-07-0107,Digital Distribution & Marketing,Social Media & Growth,2,Which social approach can help a musician go viral locally? (Question 7),Sync fee,Production credits only,Authentic storytelling helps build a loyal fanbase,Producer's personal bank account,C,Authentic storytelling helps build a loyal fanbase,medium,"digital,social",False,Authentic storytelling helps build a loyal fanbase — Explanation: Authentic storytelling helps build a loyal fanbase.
DIG-02-08-0108,Digital Distribution & Marketing,Social Media & Growth,2,Which social approach can help a musician go viral locally? (Question 8),Genre label,Repurposing content across platforms saves time and increases reach,Non-disclosure,Production credits only,B,Repurposing content across platforms saves time and increases reach,medium,"digital,social",False,Repurposing content across platforms saves time and increases reach — Explanation: Repurposing content across platforms saves time and increases reach.
DIG-02-09-0109,Digital Distribution & Marketing,Social Media & Growth,2,Which social approach can help a musician go viral locally? (Question 9),Local-language content resonates with regional audiences,Album art size,Sync fee,ISWC,A,Local-language content resonates with regional audiences,medium,"digital,social",False,Local-language content resonates with regional audiences — Explanation: Local-language content resonates with regional audiences.
DIG-02-10-0110,Digital Distribution & Marketing,Social Media & Growth,2,Which social approach can help a musician go viral locally? (Question 10),ISWC,Using metadata and links in bios improves streaming conversion,Non-disclosure,Collecting society name,B,Using metadata and links in bios improves streaming conversion,easy,"digital,social",False,Using metadata and links in bios improves streaming conversion — Explanation: Using metadata and links in bios improves streaming conversion.
DIG-03-01-0111,Digital Distribution & Marketing,Digital Releases & Metadata,3,Which metadata field is essential to credit songwriters correctly? (Question 1),"Include composer, performer and ISRC in metadata for accurate crediting",Bank's interest rate,Force majeure,Social media username,A,"Include composer, performer and ISRC in metadata for accurate crediting",medium,"digital,digital",False,"Include composer, performer and ISRC in metadata for accurate crediting — Explanation: Include composer, performer and ISRC in metadata for accurate crediting."
DIG-03-02-0112,Digital Distribution & Marketing,Digital Releases & Metadata,3,Which metadata field is essential to credit songwriters correctly? (Question 2),Exclusive territory,Use consistent artist name formatting across platforms,Broadcast license,Artist's hairstyle,B,Use consistent artist name formatting across platforms,medium,"digital,digital",False,Use consistent artist name formatting across platforms — Explanation: Use consistent artist name formatting across platforms.
DIG-03-03-0113,Digital Distribution & Marketing,Digital Releases & Metadata,3,Which metadata field is essential to credit songwriters correctly? (Question 3),Set release dates and time zones carefully for global drops,Public domain status,Broadcast license,Bank's interest rate,A,Set release dates and time zones carefully for global drops,hard,"digital,digital",False,Set release dates and time zones carefully for global drops — Explanation: Set release dates and time zones carefully for global drops.
DIG-03-04-0114,Digital Distribution & Marketing,Digital Releases & Metadata,3,Which metadata field is essential to credit songwriters correctly? (Question 4),Sync fee,Artist's hairstyle,Sample rate,Provide high-quality cover art meeting platform specs,D,Provide high-quality cover art meeting platform specs,medium,"digital,digital",False,Provide high-quality cover art meeting platform specs — Explanation: Provide high-quality cover art meeting platform specs.
DIG-03-05-0115,Digital Distribution & Marketing,Digital Releases & Metadata,3,Which metadata field is essential to credit songwriters correctly? (Question 5),Provide correct publisher and copyright holder metadata,Streaming count,Mechanical rights body,Social media username,A,Provide correct publisher and copyright holder metadata,medium,"digital,digital",False,Provide correct publisher and copyright holder metadata — Explanation: Provide correct publisher and copyright holder metadata.
DIG-03-06-0116,Digital Distribution & Marketing,Digital Releases & Metadata,3,Which metadata field is essential to credit songwriters correctly? (Question 6),Producer's personal bank account,Public domain status,Ensure split information for co-writers is recorded correctly,Artist's hairstyle,C,Ensure split information for co-writers is recorded correctly,hard,"digital,digital",False,Ensure split information for co-writers is recorded correctly — Explanation: Ensure split information for co-writers is recorded correctly.
DIG-03-07-0117,Digital Distribution & Marketing,Digital Releases & Metadata,3,Which metadata field is essential to credit songwriters correctly? (Question 7),Register releases with performance and mechanical societies early,Royalty split,Social media username,Tax ID,A,Register releases with performance and mechanical societies early,medium,"digital,digital",False,Register releases with performance and mechanical societies early — Explanation: Register releases with performance and mechanical societies early.
DIG-03-08-0118,Digital Distribution & Marketing,Digital Releases & Metadata,3,Which metadata field is essential to credit songwriters correctly? (Question 8),Use UPCs for album-level identification when needed,ISWC,Broadcast license,Streaming count,A,Use UPCs for album-level identification when needed,medium,"digital,digital",False,Use UPCs for album-level identification when needed — Explanation: Use UPCs for album-level identification when needed.
DIG-03-09-0119,Digital Distribution & Marketing,Digital Releases & Metadata,3,Which metadata field is essential to credit songwriters correctly? (Question 9),Tax ID,Social media username,Bank's interest rate,Keep master and publishing ownership records organized,D,Keep master and publishing ownership records organized,medium,"digital,digital",False,Keep master and publishing ownership records organized — Explanation: Keep master and publishing ownership records organized.
DIG-03-10-0120,Digital Distribution & Marketing,Digital Releases & Metadata,3,Which metadata field is essential to credit songwriters correctly? (Question 10),Streaming count,ISWC,Test metadata on aggregator dashboards before release,Genre label,C,Test metadata on aggregator dashboards before release,hard,"digital,digital",False,Test metadata on aggregator dashboards before release — Explanation: Test metadata on aggregator dashboards before release.
